STATE.UT,Year,Total_Population,Male_Population,Female_Population,HDI,Total_suicide,Male_Suicide,Female_suicide,id,total_suicide_rate,male_suicide_rate,female_suicide_rate,Male.upto.14.years,Male.15.29.years,Male.30.44.years,Male.45.59.years,Male.60.years.and.above,Female.upto.14.years,Female.15.29.years,Female.30.44.years,Female.45.59.years,Female.60.years.and.above
A & N ISLANDS,2001,356000,192849,163151,0.695,129,79,50,1,36.23595506,40.96469258,30.64645635,2,25,23,21,8,2,31,9,5,3
A & N ISLANDS,2002,358322,194107,164215,0.698,144,91,53,1,40.18731755,46.88135925,32.27476175,2,27,28,21,13,2,28,14,6,3
A & N ISLANDS,2003,360658,195373,165285,0.709,113,70,43,1,31.33162165,35.82890164,26.0156699,1,23,23,17,6,4,28,8,2,1
A & N ISLANDS,2004,363010,196647,166363,0.714,122,81,41,1,33.60788959,41.19055973,24.64490301,0,34,24,14,9,1,23,13,3,1
A & N ISLANDS,2005,365377,197929,167448,0.72,139,86,53,1,38.04289816,43.44992396,31.65161722,5,15,24,25,17,3,27,8,10,5
A & N ISLANDS,2006,367760,199220,168540,0.726,133,96,37,1,36.16489015,48.18793294,21.95324552,4,21,34,25,12,1,21,10,3,2
A & N ISLANDS,2007,370158,200519,169639,0.722,156,100,56,1,42.14416546,49.87058583,33.01127689,0,36,26,27,11,6,30,10,8,2
A & N ISLANDS,2008,372572,201827,170745,0.716,143,98,45,1,38.38184297,48.55643695,26.35509093,0,31,32,21,14,0,23,13,5,4
A & N ISLANDS,2009,375002,203143,171859,0.709,131,86,45,1,34.93314702,42.33471003,26.1842557,1,31,23,25,6,7,19,14,4,1
A & N ISLANDS,2010,377447,204468,172980,0.707,156,112,44,1,41.33030598,54.77629751,25.43646664,4,39,33,18,18,0,28,11,2,3
A & N ISLANDS,2011,379909,205801,174108,0.703,136,94,42,1,35.79804637,45.67519108,24.12295816,1,28,35,20,10,4,19,11,6,2
A & N ISLANDS,2012,382386,207143,175243,0.701,121,80,41,1,31.64341791,38.62066302,23.39608429,2,22,26,20,10,1,21,12,3,4
A & N ISLANDS,2013,384880,208494,176386,0.706,151,111,40,1,39.23300769,53.23894213,22.67753677,4,35,29,28,15,2,22,11,4,1
A & N ISLANDS,2014,387390,209853,177536,0.714,155,115,40,1,40.01135806,54.80026495,22.53064167,1,35,36,24,19,2,26,4,2,6
ANDHRA PRADESH,2001,75728000,38285137,37442863,0.484,10522,6379,4143,2,13.8944644,16.6618184,11.06485901,173,2058,2213,1566,369,185,1871,1198,697,192
ANDHRA PRADESH,2002,76534986,38693117,37841869,0.493,11693,7571,4122,2,15.27798019,19.56678755,10.89269666,101,2173,2831,1935,531,139,1804,1374,572,233
ANDHRA PRADESH,2003,77350572,39105446,38245126,0.508,11409,7513,3896,2,14.74972932,19.21215782,10.18691898,155,2270,2846,1745,497,197,1685,1204,609,201
ANDHRA PRADESH,2004,78174849,39522168,38652681,0.519,13526,9082,4444,2,17.30224001,22.97950861,11.49726199,95,2562,3448,2175,802,142,1959,1344,689,310
ANDHRA PRADESH,2005,79007910,39943332,39064578,0.53,13442,8865,4577,2,17.01348637,22.19394216,11.71649672,143,2444,3178,2156,944,161,1904,1360,733,419
ANDHRA PRADESH,2006,79849848,40368983,39480865,0.542,13276,8863,4413,2,16.62620573,21.95497469,11.17756665,169,2696,3278,2032,688,195,1987,1357,583,291
ANDHRA PRADESH,2007,80700758,40799170,39901588,0.553,14882,9949,4933,2,18.44096681,24.3853,12.36291648,121,2936,3660,2304,928,194,2139,1450,804,346
ANDHRA PRADESH,2008,81560736,41233941,40326795,0.562,14354,9721,4633,2,17.59915457,23.57523866,11.48863925,91,2714,3669,2477,770,122,1882,1584,738,307
ANDHRA PRADESH,2009,82429878,41673346,40756532,0.568,14500,9887,4613,2,17.59070904,23.72499679,11.31843112,67,2727,3722,2586,785,127,1934,1420,829,303
ANDHRA PRADESH,2010,83308282,42117433,41190849,0.58,15901,10947,4954,2,19.08693784,25.99161255,12.02694317,95,3530,3862,2566,894,130,2145,1572,678,429
ANDHRA PRADESH,2011,84196047,42566252,41629795,0.59,15077,10120,4957,2,17.90701647,23.77470302,11.90733704,112,2828,3551,2710,919,143,2284,1555,663,312
ANDHRA PRADESH,2012,85093272,43019854,42073418,0.6,14238,9527,4711,2,16.73222767,22.14558887,11.19709361,65,2543,3628,2340,951,143,2046,1466,730,326
ANDHRA PRADESH,2013,86000058,43478290,42521768,0.608,14607,9902,4705,2,16.98487227,22.77458474,11.06492091,68,2847,3648,2439,900,81,1923,1500,774,427
ANDHRA PRADESH,2014,51912833,26245113,25667720,0.62,6101,4220,1880,2,11.75239271,16.07918396,7.32437474,19,1432,1622,846,301,36,963,550,227,104
ARUNACHAL PRADESH,2001,1091000,573908,517092,0.506,111,76,35,3,10.17415215,13.24254062,6.768621445,2,24,38,11,1,2,23,9,1,0
ARUNACHAL PRADESH,2002,1116719,587438,529281,0.51,114,71,43,3,10.2084768,12.08638188,8.124228907,1,20,38,9,3,2,28,11,1,1
ARUNACHAL PRADESH,2003,1143044,601286,541758,0.521,81,54,27,3,7.086341383,8.980751256,4.983775043,3,11,26,12,2,1,14,10,2,0
ARUNACHAL PRADESH,2004,1169989,615460,554529,0.528,79,49,30,3,6.752200234,7.961524713,5.409996592,1,18,24,6,0,4,13,13,0,0
ARUNACHAL PRADESH,2005,1197570,629969,567602,0.535,70,49,21,3,5.845169802,7.778160513,3.699775547,0,13,28,4,4,0,10,9,1,1
ARUNACHAL PRADESH,2006,1225801,644819,580982,0.543,129,96,33,3,10.52373101,14.88789877,5.68003828,1,28,45,21,1,3,15,12,3,0
ARUNACHAL PRADESH,2007,1254698,660020,594678,0.57,129,98,31,3,10.28135854,14.84803491,5.212905135,2,39,44,10,3,5,14,10,2,0
ARUNACHAL PRADESH,2008,1284275,675579,608697,0.594,110,77,33,3,8.565143758,11.39763077,5.421416567,2,43,25,7,0,0,19,13,1,0
ARUNACHAL PRADESH,2009,1314550,691505,623046,0.616,110,77,33,3,8.367882545,11.13513279,5.296559163,2,43,25,7,0,0,19,13,1,0
ARUNACHAL PRADESH,2010,1345539,707806,637733,0.641,131,91,40,3,9.735875363,12.85663021,6.27221737,4,47,32,6,2,4,26,8,2,0
ARUNACHAL PRADESH,2011,1377258,724491,652767,0.665,134,99,35,3,9.729476975,13.66476602,5.361790654,4,38,34,20,3,5,19,9,1,1
ARUNACHAL PRADESH,2012,1409725,741570,668155,0.689,130,100,30,3,9.221656706,13.48490365,4.489976128,1,28,39,31,1,0,20,9,1,0
ARUNACHAL PRADESH,2013,1442957,759052,683906,0.679,229,171,58,3,15.87018879,22.52810084,8.48069764,7,56,65,33,10,4,31,19,3,1
ARUNACHAL PRADESH,2014,1476973,776945,700028,0.672,156,110,46,3,10.56214298,14.15801633,6.571165725,4,54,34,16,2,2,36,7,1,0
ASSAM,2001,26638000,13787785,12850215,0.493,2647,1836,811,4,9.936932202,13.31613454,6.311178451,35,620,702,418,61,19,383,274,119,16
ASSAM,2002,27062223,14007362,13054861,0.5,2510,1702,808,4,9.274921724,12.1507533,6.189265439,23,564,680,381,54,24,376,275,108,25
ASSAM,2003,27493202,14230436,13262766,0.513,2596,1676,920,4,9.442334145,11.77757308,6.9367129,61,671,557,323,64,48,512,225,101,34
ASSAM,2004,27931044,14457062,13473982,0.522,2839,1945,894,4,10.16431752,13.45363256,6.635009606,41,691,764,377,72,18,446,296,120,14
ASSAM,2005,28375860,14687298,13688562,0.531,2846,1951,895,4,10.02965196,13.28358695,6.538305485,36,643,791,408,73,37,425,299,116,18
ASSAM,2006,28827759,14921200,13906559,0.542,3031,2116,915,4,10.51417143,14.18116505,6.57962908,44,753,853,385,81,32,413,348,107,15
ASSAM,2007,29286855,15158827,14128027,0.549,3062,2116,946,4,10.45520251,13.9588637,6.695910193,38,704,799,507,68,33,427,331,120,35
ASSAM,2008,29753262,15400239,14353023,0.554,2989,1970,1019,4,10.04595731,12.79200927,7.099549691,28,716,772,398,56,17,503,360,120,19
ASSAM,2009,30227097,15645495,14581602,0.558,2966,1882,1084,4,9.812387872,12.02902177,7.434025425,27,655,712,425,63,24,514,340,180,26
ASSAM,2010,30708478,15894657,14813821,0.567,2993,2026,967,4,9.746494111,12.74642164,6.527687894,34,745,735,442,70,32,489,302,122,22
ASSAM,2011,31197525,16147787,15049738,0.574,2726,1826,900,4,8.737872636,11.30805107,5.980170552,20,667,686,408,45,10,410,341,126,13
ASSAM,2012,31694361,16404949,15289412,0.582,3264,2392,872,4,10.29836191,14.58096578,5.703293233,37,695,983,627,50,16,362,322,163,9
ASSAM,2013,32199109,16666205,15532903,0.586,3553,2558,995,4,11.03446682,15.34842515,6.405756863,11,823,1090,604,30,7,399,393,183,13
ASSAM,2014,32711895,16931623,15780272,0.593,3546,2510,1036,4,10.84009349,14.82433196,6.565159333,7,1019,915,510,59,4,595,313,114,10
BIHAR,2001,82879000,43143675,39735325,0.44,603,307,296,5,0.727566694,0.711575915,0.744929103,8,131,121,31,16,14,153,94,27,8
BIHAR,2002,84773391,44129824,40643568,0.444,720,426,294,5,0.849323109,0.965333558,0.723361689,23,157,162,68,16,13,145,96,35,5
BIHAR,2003,86711083,45138513,41572570,0.455,599,351,248,5,0.690799814,0.777606475,0.596547194,49,135,104,51,12,15,127,90,12,4
BIHAR,2004,88693066,46170258,42522808,0.463,351,212,139,5,0.395746833,0.459170057,0.326883399,16,75,76,30,15,9,59,51,14,6
BIHAR,2005,90720351,47225586,43494765,0.47,543,327,216,5,0.598542658,0.692421265,0.496611489,14,123,106,70,14,5,104,77,23,7
BIHAR,2006,92793975,48305036,44488939,0.478,618,299,319,5,0.665991515,0.618983081,0.717032159,28,123,102,35,11,24,123,129,38,5
BIHAR,2007,94914996,49409160,45505836,0.488,965,534,431,5,1.016699195,1.080771258,0.947131265,33,212,146,115,28,44,196,117,51,23
BIHAR,2008,97084498,50538521,46545977,0.497,1015,609,406,5,1.04548102,1.205021413,0.872255834,35,218,202,97,57,33,165,145,40,23
BIHAR,2009,99303589,51693695,47609894,0.504,1051,514,537,5,1.058370609,0.994318553,1.127916815,22,202,193,75,22,25,228,232,41,11
BIHAR,2010,101573402,52875275,48698128,0.514,1226,712,514,5,1.207008898,1.346565101,1.055482051,40,228,272,136,36,54,227,159,53,21
BIHAR,2011,103895098,54083861,49811236,0.524,795,446,349,5,0.765194908,0.824645267,0.700645132,16,150,163,88,29,41,149,126,19,14
BIHAR,2012,106269861,55320073,50949787,0.533,759,455,304,5,0.714219434,0.822486261,0.59666589,5,155,212,63,20,6,135,123,29,11
BIHAR,2013,108698904,56584541,52114363,0.539,1057,630,427,5,0.972410909,1.113378299,0.819351855,26,176,253,126,49,47,181,160,32,7
BIHAR,2014,111183469,57877912,53305557,0.55,719,422,297,5,0.646678869,0.729120981,0.557165175,11,161,134,62,54,4,165,101,25,2
CHANDIGARH,2001,901000,508178,392822,0.638,70,39,31,6,7.769145394,7.674476266,7.891615032,0,20,15,2,2,0,18,11,2,0
CHANDIGARH,2002,915440,516323,399118,0.641,87,53,34,6,9.503626671,10.26489233,8.518783919,1,23,26,3,0,1,23,7,1,2
CHANDIGARH,2003,930112,524598,405514,0.652,103,68,35,6,11.07393518,12.96230638,8.63102137,0,30,27,8,3,1,22,8,2,2
CHANDIGARH,2004,945019,533006,412013,0.657,75,52,23,6,7.93634837,9.755987737,5.58234813,0,23,21,7,1,0,19,2,2,0
CHANDIGARH,2005,960165,541548,418617,0.663,89,63,26,6,9.269240183,11.63331782,6.210927889,2,33,18,10,0,1,15,6,4,0
CHANDIGARH,2006,975554,550228,425326,0.669,80,56,24,6,8.200468657,10.1775991,5.642730517,0,26,26,3,1,2,14,6,1,1
CHANDIGARH,2007,991189,559046,432143,0.665,82,60,22,6,8.272892455,10.73256941,5.090907408,2,26,21,8,3,0,11,8,1,2
CHANDIGARH,2008,1007075,568006,439069,0.658,83,58,25,6,8.241690043,10.21115974,5.693865884,0,22,19,16,1,0,16,7,2,0
CHANDIGARH,2009,1023215,577110,446106,0.651,75,44,31,6,7.329837815,7.624196427,6.949021085,0,16,18,8,2,1,18,9,1,2
CHANDIGARH,2010,1039615,586359,453256,0.648,71,31,40,6,6.829451287,5.286863509,8.825034859,0,14,12,4,1,2,25,10,2,1
CHANDIGARH,2011,1056276,595757,460520,0.645,105,57,48,6,9.940583711,9.567659297,10.42300009,0,24,19,13,1,0,31,14,3,0
CHANDIGARH,2012,1073206,605305,467901,0.643,114,75,39,6,10.62237818,12.39044779,8.335096527,2,33,31,8,1,1,29,8,0,1
CHANDIGARH,2013,1090406,615006,475400,0.672,97,59,38,6,8.895769099,9.593402341,7.993268826,0,28,18,11,2,1,26,9,2,0
CHANDIGARH,2014,1107882,624863,483019,0.704,105,66,39,6,9.477543637,10.56231526,8.074216542,0,31,23,11,1,0,28,8,3,0
CHHATTISGARH,2001,20796000,10450251,10345749,0.564,4025,2640,1385,7,19.35468359,25.26255111,13.38714094,44,792,955,563,286,49,634,418,193,91
CHHATTISGARH,2002,21228841,10667759,10561081,0.567,3950,2629,1321,7,18.60676238,24.64435126,12.50818927,85,794,928,606,216,62,594,410,182,73
CHHATTISGARH,2003,21670690,10889794,10780896,0.577,3919,2592,1327,7,18.08433419,23.80210314,12.30880995,103,846,878,554,211,106,622,373,161,65
CHHATTISGARH,2004,22121736,11116450,11005286,0.582,4495,2986,1509,7,20.31938181,26.86109324,13.71159277,77,879,1057,707,266,92,654,460,225,78
CHHATTISGARH,2005,22582170,11347824,11234346,0.588,4881,3305,1576,7,21.61439755,29.12452643,14.02840895,160,1062,1174,676,233,73,742,465,209,87
CHHATTISGARH,2006,23052187,11584014,11468174,0.594,4626,3060,1566,7,20.0675103,26.41571393,13.65518172,112,1067,1085,590,206,96,775,428,188,79
CHHATTISGARH,2007,23531987,11825119,11706868,0.589,4839,3256,1583,7,20.56349938,27.53460663,13.52197701,78,1047,1123,688,320,59,731,476,232,85
CHHATTISGARH,2008,24021774,12071243,11950531,0.583,4945,3248,1697,7,20.58549048,26.90692251,14.20020583,65,1125,1156,685,217,82,854,478,218,65
CHHATTISGARH,2009,24521754,12322490,12199265,0.576,5883,3954,1929,7,23.9909429,32.08767059,15.81242804,104,1225,1342,937,346,76,873,587,291,102
CHHATTISGARH,2010,25032142,12578966,12453176,0.574,6522,4545,1977,7,26.05450225,36.13174565,15.87546823,110,1384,1538,1102,411,58,862,647,292,118
CHHATTISGARH,2011,25553152,12840780,12712372,0.571,6756,4527,2229,7,26.43900839,35.25486769,17.53409985,102,1428,1501,1081,415,86,988,638,376,141
CHHATTISGARH,2012,26085006,13108043,12976963,0.569,5654,4014,1640,7,21.67528733,30.62242014,12.63777973,83,1304,1394,919,314,78,766,443,232,121
CHHATTISGARH,2013,26627930,13380869,13247061,0.576,5436,3648,1788,7,20.41465484,27.26280334,13.49733348,82,1301,1277,697,291,92,865,459,250,122
CHHATTISGARH,2014,27182154,13659374,13522780,0.586,5683,3763,1920,7,20.90709956,27.54884667,14.19826397,55,1471,1222,766,249,43,1039,480,245,113
D & N HAVELI,2001,220000,121480,98520,0.684,50,35,15,8,22.72727273,28.81132697,15.22533496,0,10,10,7,8,1,9,4,1,0
D & N HAVELI,2002,230149,127084,103065,0.686,50,32,18,8,21.72505638,25.18019578,17.46470674,1,9,8,9,5,0,11,3,2,2
D & N HAVELI,2003,240766,132947,107820,0.698,52,30,22,8,21.5977339,22.5653832,20.40437767,2,8,8,7,5,0,6,7,9,0
D & N HAVELI,2004,251874,139080,112794,0.703,39,20,19,8,15.48393244,14.38021283,16.84486763,0,7,6,4,3,0,12,5,1,1
D & N HAVELI,2005,263493,145496,117997,0.709,69,41,28,8,26.18665391,28.17946885,23.72941685,0,16,13,6,6,0,12,8,7,1
D & N HAVELI,2006,275649,152208,123441,0.716,42,23,19,8,15.2367685,15.11090087,15.39196863,0,8,5,3,7,1,8,6,2,2
D & N HAVELI,2007,288365,159230,129135,0.711,76,44,32,8,26.35548697,27.63298373,24.78026871,0,15,14,7,8,0,19,8,4,1
D & N HAVELI,2008,301668,166575,135093,0.705,60,32,28,8,19.88941485,19.21056581,20.72646251,1,11,11,8,1,0,15,6,6,1
D & N HAVELI,2009,315585,174260,141325,0.698,56,30,26,8,17.74482311,17.21565477,18.39731116,0,10,10,8,2,0,14,4,1,7
D & N HAVELI,2010,330144,182299,147845,0.696,63,37,26,8,19.08258215,20.29632636,17.58598532,0,14,12,6,5,0,18,4,4,0
D & N HAVELI,2011,345374,190709,154665,0.692,63,41,22,8,18.24109516,21.49872319,14.22429121,0,23,8,9,1,0,13,5,3,1
D & N HAVELI,2012,361307,199507,161800,0.69,66,41,25,8,18.26701392,20.55065737,15.45117429,0,17,16,5,3,0,18,2,2,3
D & N HAVELI,2013,377975,208711,169264,0.68,84,55,29,8,22.22369204,26.35222868,17.13299934,0,24,12,17,2,0,13,5,5,6
D & N HAVELI,2014,395412,218339,177073,0.673,76,45,31,8,19.22045866,20.6101521,17.50690393,1,19,12,8,5,0,24,4,1,2
DAMAN & DIU,2001,158000,92452,65548,0.665,14,10,4,9,8.860759494,10.81642366,6.102398243,0,4,6,0,0,0,4,0,0,0
DAMAN & DIU,2002,165074,96591,68483,0.668,17,15,2,9,10.29841162,15.52939715,2.920432808,0,4,9,1,1,0,1,1,0,0
DAMAN & DIU,2003,172465,100916,71549,0.678,24,18,6,9,13.91586699,17.83661659,8.385861438,1,7,8,2,0,0,3,2,1,0
DAMAN & DIU,2004,180187,105434,74753,0.683,13,5,8,9,7.214726923,4.742303242,10.70191163,0,1,3,1,0,0,8,0,0,0
DAMAN & DIU,2005,188255,110155,78100,0.688,32,25,7,9,16.9982205,22.695293,8.962868118,1,10,4,10,0,0,5,2,0,0
DAMAN & DIU,2006,196683,115087,81597,0.695,22,14,8,9,11.18551171,12.16471018,9.80428202,0,7,5,1,1,3,4,1,0,0
DAMAN & DIU,2007,205490,120240,85250,0.691,15,6,9,9,7.299625286,4.99001996,10.55718475,0,3,1,2,0,0,7,2,0,0
DAMAN & DIU,2008,214690,125623,89067,0.685,19,14,5,9,8.849969724,11.14445603,5.613751446,0,4,4,6,0,0,1,0,1,3
DAMAN & DIU,2009,224302,131248,93055,0.679,23,15,8,9,10.25403251,11.42874558,8.597066251,0,8,2,3,2,1,1,5,1,0
DAMAN & DIU,2010,234345,137124,97221,0.677,31,19,12,9,13.2283599,13.85607188,12.34301231,3,8,6,2,0,0,10,2,0,0
DAMAN & DIU,2011,244838,143264,101574,0.673,33,18,15,9,13.47829994,12.56421711,14.76755863,1,7,6,4,0,0,13,1,1,0
DAMAN & DIU,2012,255800,149678,106122,0.672,36,25,11,9,14.07349492,16.70252141,10.36542847,0,6,13,6,0,1,5,5,0,0
DAMAN & DIU,2013,267253,156380,110873,0.676,29,13,16,9,10.85114105,8.313083515,14.43092547,0,8,2,3,0,0,8,5,3,0
DAMAN & DIU,2014,279219,163381,115837,0.684,27,22,5,9,9.669829059,13.46545804,4.316410128,0,11,8,2,1,0,3,2,0,0
DELHI (UT),2001,13783000,7568918,6214082,0.666,1239,730,509,10,8.989334688,9.644707473,8.191073114,15,315,260,115,25,28,282,157,31,11
DELHI (UT),2002,14050190,7715645,6334545,0.668,1053,643,410,10,7.494560572,8.333716753,6.472445929,15,301,218,93,16,16,241,126,23,4
DELHI (UT),2003,14322560,7865217,6457343,0.679,1153,741,412,10,8.050236829,9.421227666,6.380333211,18,328,278,90,27,19,235,112,41,5
DELHI (UT),2004,14600211,8017688,6582522,0.685,1256,799,457,10,8.602615401,9.965466354,6.942627765,19,342,298,120,20,17,283,117,24,16
DELHI (UT),2005,14883243,8173115,6710128,0.69,1245,777,468,10,8.365112362,9.506779239,6.974531633,8,370,264,111,24,13,281,140,26,8
DELHI (UT),2006,15171762,8331555,6840207,0.697,1492,960,532,10,9.834058826,11.52245889,7.777542405,9,449,340,139,23,16,335,148,28,5
DELHI (UT),2007,15465874,8493067,6972808,0.702,1481,966,515,10,9.5759218,11.37398304,7.385833656,13,431,375,115,32,15,346,128,18,8
DELHI (UT),2008,15765688,8657709,7107979,0.704,1303,795,508,10,8.264783624,9.182567813,7.146897874,16,371,286,97,25,18,347,115,25,3
DELHI (UT),2009,16071314,8825543,7245771,0.704,1477,933,544,10,9.190287739,10.57158749,7.507827669,15,457,325,108,28,19,360,125,33,7
DELHI (UT),2010,16382865,8996631,7386234,0.709,1543,961,582,10,9.418377067,10.68177632,7.879522907,16,429,339,130,47,24,363,150,36,9
DELHI (UT),2011,16700455,9171035,7529420,0.711,1716,1168,548,10,10.27516915,12.73574902,7.27811704,18,622,367,127,34,19,343,135,38,13
DELHI (UT),2012,17024201,9348820,7675381,0.716,1899,1246,653,10,11.15470852,13.32788523,8.507720985,26,621,426,137,36,31,409,159,41,13
DELHI (UT),2013,17354224,9530052,7824172,0.719,2059,1417,642,10,11.86454664,14.86875413,8.205341089,21,588,510,198,100,24,420,153,36,9
DELHI (UT),2014,17690645,9714797,7975848,0.726,2095,1424,671,10,11.84241728,14.65805204,8.412898541,18,731,415,205,55,23,446,148,30,24
GOA,2001,1344000,685714,658286,0.621,256,167,89,11,19.04761905,24.35417681,13.51995941,0,43,73,35,16,3,30,32,6,18
GOA,2002,1354660,691153,663507,0.63,309,226,83,11,22.81015162,32.69898271,12.50928777,0,73,90,46,17,2,40,26,9,6
GOA,2003,1376233,702160,674073,0.647,300,213,87,11,21.79863439,30.33496639,12.90661397,0,61,96,42,14,4,51,18,11,3
GOA,2004,1409240,719000,690240,0.659,314,212,102,11,22.28151344,29.48539638,14.77746871,6,73,82,44,7,5,46,31,14,6
GOA,2005,1454483,742083,712400,0.671,282,197,85,11,19.38833249,26.5468957,11.93149916,2,54,85,40,16,2,42,15,15,11
GOA,2006,1513084,771982,741103,0.685,275,183,92,11,18.17480061,23.70521592,12.41392897,1,60,69,40,13,6,40,22,13,11
GOA,2007,1586532,809455,777077,0.699,270,178,92,11,17.01825113,21.99010445,11.83923858,1,54,69,36,18,2,47,25,14,4
GOA,2008,1676738,855479,821259,0.711,287,183,104,11,17.116568,21.39152451,12.66348375,0,55,84,29,15,3,54,26,10,11
GOA,2009,1786128,911290,874838,0.721,278,184,94,11,15.56439404,20.19115759,10.74484647,1,50,72,44,17,2,48,22,14,8
GOA,2010,1917745,978442,939304,0.737,322,236,86,11,16.79055349,24.1199785,9.155715296,2,69,81,63,21,3,37,21,9,16
GOA,2011,2075392,1058874,1016519,0.749,293,195,98,11,14.11781485,18.41578885,9.640744541,5,52,81,39,18,3,51,26,9,9
GOA,2012,2263812,1155006,1108806,0.764,289,196,93,11,12.76607775,16.96960882,8.387400501,5,53,78,44,16,3,37,30,9,14
GOA,2013,2488923,1269859,1219065,0.759,328,230,98,11,13.17839081,18.11224711,8.038947882,0,82,80,48,20,5,46,32,7,8
GOA,2014,2758123,1407205,1350917,0.758,291,203,88,11,10.55065347,14.42575886,6.51409376,1,64,68,52,18,2,39,23,13,11
GUJARAT,2001,50597000,26338886,24258114,0.533,4791,2649,2142,12,9.468940846,10.05737297,8.830035179,40,1002,1019,452,136,58,1030,657,257,140
GUJARAT,2002,51500540,26809235,24691305,0.54,4644,2706,1938,12,9.017381177,10.0935368,7.848916856,25,1022,996,518,145,39,946,590,258,105
GUJARAT,2003,52420214,27287982,25132232,0.554,4566,2650,1916,12,8.710380312,9.711234785,7.623676242,22,931,996,523,178,43,873,581,260,159
GUJARAT,2004,53356312,27775280,25581033,0.564,4776,2850,1926,12,8.9511434,10.26092266,7.529015736,34,988,1037,611,180,29,927,604,257,109
GUJARAT,2005,54309126,28271279,26037848,0.573,4765,2902,1863,12,8.773847696,10.2648345,7.154969182,25,980,1082,623,192,33,851,601,259,119
GUJARAT,2006,55278956,28776135,26502820,0.584,5035,3048,1987,12,9.108348573,10.59211044,7.49731538,30,986,1134,694,204,28,925,614,298,122
GUJARAT,2007,56266104,29290007,26976097,0.591,5580,3375,2205,12,9.917160783,11.52270124,8.173902993,33,1189,1266,673,214,35,1012,688,311,159
GUJARAT,2008,57270880,29813056,27457824,0.595,6165,3735,2430,12,10.76463292,12.52806824,8.849936543,25,1250,1422,787,251,39,1090,786,347,168
GUJARAT,2009,58293599,30345444,27948154,0.598,6156,3671,2485,12,10.56033614,12.09736789,8.891463815,27,1255,1404,737,248,30,1159,771,348,177
GUJARAT,2010,59334581,30887340,28447240,0.606,6207,3813,2394,12,10.46101598,12.34486362,8.415579156,37,1343,1412,758,263,42,1105,722,367,158
GUJARAT,2011,60394152,31438913,28955239,0.612,6382,3912,2470,12,10.5672483,12.4431783,8.530407917,35,1424,1398,800,255,53,1093,755,399,170
GUJARAT,2012,61472645,32000336,29472309,0.619,7110,4362,2748,12,11.56612018,13.63110687,9.324006477,52,1554,1588,882,286,57,1246,844,449,152
GUJARAT,2013,62570398,32571784,29998613,0.628,7166,4532,2634,12,11.45270005,13.91388326,8.780405947,45,1495,1663,1007,322,40,1257,756,389,192
GUJARAT,2014,63687753,33153437,30534316,0.641,7225,4603,2622,12,11.34441028,13.88393004,8.587059884,28,1769,1707,829,270,26,1334,765,337,160
HARYANA,2001,21083000,11328855,9754145,0.554,2007,1364,643,13,9.519518095,12.04005171,6.59206932,34,519,499,236,76,20,322,220,56,25
HARYANA,2002,21472371,11538082,9934289,0.559,2200,1570,630,13,10.24572461,13.60711425,6.341671759,36,530,623,296,85,20,337,203,53,17
HARYANA,2003,21868933,11751173,10117760,0.573,2227,1613,614,13,10.18339578,13.72628928,6.068536909,34,576,602,298,103,25,314,185,66,24
HARYANA,2004,22272818,11968199,10304619,0.582,2082,1454,628,13,9.347717024,12.14886216,6.094354386,34,516,544,255,105,22,307,204,72,23
HARYANA,2005,22684163,12189233,10494930,0.591,2046,1493,553,13,9.019508456,12.24851473,5.269210943,28,510,608,274,73,15,257,187,76,18
HARYANA,2006,23103105,12414350,10688755,0.6,2316,1766,550,13,10.02462656,14.22547294,5.145594599,25,610,701,338,92,21,252,177,71,29
HARYANA,2007,23529784,12643624,10886160,0.61,2433,1852,581,13,10.34008642,14.64769911,5.337051816,28,660,720,340,104,8,313,172,65,23
HARYANA,2008,23964343,12877132,11087211,0.618,2656,1974,682,13,11.08313297,15.32950039,6.15123136,47,687,774,322,144,39,274,255,85,29
HARYANA,2009,24406928,13114953,11291975,0.623,2503,1815,688,13,10.25528489,13.83916511,6.092822558,38,692,659,338,88,34,294,245,95,20
HARYANA,2010,24857687,13357166,11500520,0.634,2895,2178,717,13,11.64629678,16.3058541,6.234500701,24,839,738,455,122,17,320,242,109,29
HARYANA,2011,25316770,13603853,11712917,0.643,3245,2464,781,13,12.81759087,18.11251562,6.667852252,70,961,885,441,107,25,380,252,107,17
HARYANA,2012,25784332,13855095,11929237,0.653,2827,2071,756,13,10.96402265,14.94756983,6.337370948,43,766,737,397,128,28,357,234,103,34
HARYANA,2013,26260529,14110978,12149552,0.662,3316,2502,814,13,12.62731608,17.73087592,6.699835517,58,771,871,627,175,43,411,218,101,41
HARYANA,2014,26745521,14371586,12373935,0.675,3203,2522,681,13,11.975837,17.54851552,5.503503938,32,963,913,478,136,18,384,192,62,25
HIMACHAL PRADESH,2001,6077000,3084772,2992228,0.596,307,177,130,14,5.051834787,5.737863285,4.344588714,1,54,64,49,9,3,70,38,14,5
HIMACHAL PRADESH,2002,6150978,3122324,3028654,0.604,334,208,126,14,5.430030802,6.661704551,4.160263932,4,87,82,29,6,3,76,37,8,2
HIMACHAL PRADESH,2003,6225857,3160334,3065524,0.62,386,240,146,14,6.199949662,7.594134038,4.762644168,2,78,81,63,16,5,72,46,21,2
HIMACHAL PRADESH,2004,6301648,3198806,3102842,0.632,371,236,135,14,5.887348833,7.377752824,4.350849963,5,77,82,54,18,4,71,42,14,4
HIMACHAL PRADESH,2005,6378361,3237747,3140614,0.644,359,214,145,14,5.628405166,6.609534346,4.616931594,2,69,86,42,15,1,81,47,13,3
HIMACHAL PRADESH,2006,6456008,3277161,3178847,0.656,457,301,156,14,7.078677722,9.184779143,4.90743971,4,90,121,65,21,1,67,43,37,8
HIMACHAL PRADESH,2007,6534600,3317056,3217544,0.66,402,258,144,14,6.151868515,7.777981439,4.475463273,2,92,98,38,28,0,72,46,11,15
HIMACHAL PRADESH,2008,6614149,3357436,3256713,0.662,630,417,213,14,9.525034891,12.42019208,6.540336837,6,140,115,116,40,10,103,57,25,18
HIMACHAL PRADESH,2009,6694666,3398308,3296359,0.661,560,366,194,14,8.364868389,10.77006557,5.885281306,5,126,128,72,35,11,84,55,26,18
HIMACHAL PRADESH,2010,6776164,3439677,3336487,0.667,542,348,194,14,7.998625771,10.11722903,5.814498903,8,117,125,73,25,4,97,51,31,11
HIMACHAL PRADESH,2011,6858654,3481550,3377104,0.671,443,269,174,14,6.458993266,7.726443682,5.152343546,5,98,88,46,32,5,66,62,30,11
HIMACHAL PRADESH,2012,6942147,3523933,3418215,0.675,528,354,174,14,7.605716214,10.04559394,5.090376117,10,112,119,72,41,6,75,52,26,15
HIMACHAL PRADESH,2013,7026658,3566831,3459826,0.683,554,364,190,14,7.884260199,10.20513728,5.491605647,5,142,122,71,24,6,90,53,31,10
HIMACHAL PRADESH,2014,7112197,3610252,3501945,0.695,644,396,248,14,9.054867293,10.9687634,7.08177884,6,154,150,64,22,4,114,79,38,13
JAMMU & KASHMIR,2001,10070000,5300000,4770000,0.536,153,91,62,15,1.519364449,1.716981132,1.299790356,2,29,31,18,11,2,31,21,5,3
JAMMU & KASHMIR,2002,10288849,5415184,4873665,0.546,184,96,88,15,1.788343866,1.772792947,1.805622668,4,38,36,14,4,0,61,21,6,0
JAMMU & KASHMIR,2003,10512455,5532871,4979584,0.562,138,63,75,15,1.312728568,1.138649356,1.506149911,1,30,19,9,4,5,43,21,3,3
JAMMU & KASHMIR,2004,10740920,5653116,5087804,0.575,112,51,61,15,1.042741218,0.902157324,1.198945557,0,27,16,8,0,0,29,29,3,0
JAMMU & KASHMIR,2005,10974350,5775974,5198376,0.587,294,196,98,15,2.678974153,3.393367075,1.885204148,3,113,59,17,4,4,54,36,1,3
JAMMU & KASHMIR,2006,11212853,5901502,5311351,0.599,262,152,110,15,2.336604252,2.575615496,2.071036164,1,64,56,25,6,0,68,33,9,0
JAMMU & KASHMIR,2007,11456540,6029758,5426782,0.611,234,153,81,15,2.042501488,2.537415266,1.49259727,0,65,57,23,8,0,51,24,4,2
JAMMU & KASHMIR,2008,11705522,6160801,5544721,0.621,310,177,133,15,2.648322732,2.87300304,2.39867795,1,56,63,41,16,1,80,51,1,0
JAMMU & KASHMIR,2009,11959916,6294693,5665223,0.628,321,168,153,15,2.683965339,2.66891491,2.70068804,0,44,74,34,16,2,81,54,10,6
JAMMU & KASHMIR,2010,12219838,6431494,5788344,0.64,259,122,137,15,2.119504367,1.896915398,2.366825469,3,46,40,26,7,3,86,39,8,1
JAMMU & KASHMIR,2011,12485409,6571268,5914141,0.652,287,144,143,15,2.298683207,2.191357893,2.41793356,4,40,53,39,8,5,87,39,11,1
JAMMU & KASHMIR,2012,12756752,6714080,6042672,0.663,414,192,222,15,3.245340193,2.859662083,3.673871426,2,56,74,40,20,2,101,68,19,32
JAMMU & KASHMIR,2013,13033992,6859996,6173996,0.665,302,168,134,15,2.317018455,2.44898102,2.170393372,1,38,69,44,16,3,65,52,9,5
JAMMU & KASHMIR,2014,13317257,7009083,6308174,0.671,258,150,108,15,1.937335894,2.140080236,1.712064379,3,58,54,27,8,0,75,26,7,0
JHARKHAND,2001,26909000,13863472,13045528,0.564,250,141,109,16,0.929057193,1.017061238,0.835535365,4,45,56,26,10,5,50,31,23,0
JHARKHAND,2002,27463581,14149192,13314389,0.567,272,153,119,16,0.990402526,1.081333832,0.893769891,9,45,52,36,11,4,47,40,28,0
JHARKHAND,2003,28029592,14440799,13588792,0.577,272,153,119,16,0.970402994,1.059498162,0.875721698,9,45,52,36,11,4,47,40,28,0
JHARKHAND,2004,28607268,14738417,13868851,0.583,417,233,184,16,1.457671526,1.580902481,1.326714088,9,72,80,61,11,4,65,70,45,0
JHARKHAND,2005,29196849,15042169,14154681,0.588,808,523,285,16,2.767421923,3.476892196,2.013468195,8,181,187,133,14,13,112,128,28,4
JHARKHAND,2006,29798582,15352180,14446402,0.594,856,521,335,16,2.872619912,3.393654843,2.318916503,21,190,193,95,22,15,158,120,38,4
JHARKHAND,2007,30412716,15668581,14744135,0.589,1289,880,409,16,4.238358718,5.616335008,2.773984367,46,261,316,197,60,22,178,135,54,20
JHARKHAND,2008,31039507,15991503,15048004,0.583,911,602,309,16,2.934969296,3.764499184,2.053428481,20,171,238,134,39,31,113,108,50,7
JHARKHAND,2009,31679215,16321080,15358136,0.576,1112,744,368,16,3.510187989,4.558521863,2.396124113,16,203,272,202,51,22,135,124,64,23
JHARKHAND,2010,32332108,16657449,15674659,0.574,1232,795,437,16,3.810453683,4.772639556,2.787939438,84,252,275,172,12,16,175,142,80,24
JHARKHAND,2011,32998457,17000751,15997706,0.572,1212,825,387,16,3.672899009,4.8527268,2.419096838,13,324,263,179,46,18,189,127,44,9
JHARKHAND,2012,33678539,17351128,16327411,0.569,1319,838,481,16,3.916440675,4.829657184,2.945966142,23,297,267,198,53,34,217,152,70,8
JHARKHAND,2013,34372637,17708726,16663911,0.572,1460,984,476,16,4.247564713,5.55658267,2.856472289,50,318,295,249,72,22,206,151,80,17
JHARKHAND,2014,35081040,18073694,17007346,0.579,1300,890,410,16,3.705705418,4.924283879,2.41072299,21,412,273,159,25,24,250,98,26,12
KARNATAKA,2001,52734000,26850305,25883695,0.524,11881,7871,4010,17,22.53005651,29.31437837,15.4923785,180,2242,2880,1836,733,184,1817,1118,626,265
KARNATAKA,2002,53514915,27247920,26266995,0.531,12270,8080,4190,17,22.9281874,29.65363962,15.95157726,121,2285,3031,1832,811,204,1796,1282,568,340
KARNATAKA,2003,54307395,27651423,26655972,0.545,12361,8375,3986,17,22.76117276,30.28777217,14.9534971,142,2426,2895,2002,910,154,1631,1281,611,309
KARNATAKA,2004,55111610,28060901,27050709,0.555,11937,8018,3919,17,21.65968296,28.57356576,14.48760548,159,2329,2928,1862,740,146,1688,1231,597,257
KARNATAKA,2005,55927735,28476443,27451291,0.565,11557,7707,3850,17,20.664166,27.06447571,14.02484131,104,2261,2691,1952,699,87,1614,1226,651,272
KARNATAKA,2006,56755945,28898139,27857806,0.576,12212,8048,4164,17,21.51668869,27.84954422,14.94733648,151,2307,2840,2025,725,131,1753,1325,690,265
KARNATAKA,2007,57596420,29326079,28270340,0.585,12304,8392,3912,17,21.36243885,28.61616788,13.83782438,109,2154,2984,2419,726,127,1523,1235,753,274
KARNATAKA,2008,58449341,29760357,28688984,0.591,12222,8216,4006,17,20.9104154,27.60719571,13.96354782,54,2198,2870,2303,791,80,1657,1261,690,318
KARNATAKA,2009,59314892,30201065,29113827,0.595,12195,8209,3986,17,20.55976095,27.18116066,13.69108912,203,1819,2903,2331,953,163,1306,1252,895,370
KARNATAKA,2010,60193261,30648300,29544961,0.605,12651,8407,4244,17,21.01730292,27.43055895,14.36454765,87,2070,2865,2388,997,168,1602,1248,835,391
KARNATAKA,2011,61084638,31102158,29982480,0.613,12622,8472,4150,17,20.66313301,27.23926745,13.84141672,220,2326,3044,2099,783,88,1612,1263,875,312
KARNATAKA,2012,61989214,31562736,30426478,0.622,12753,8596,4157,17,20.57293387,27.23464785,13.6624423,78,2358,3157,2240,763,78,1786,1263,756,274
KARNATAKA,2013,62907186,32030136,30877051,0.632,11266,7733,3533,17,17.90892379,24.14288843,11.44215489,112,2199,2815,1907,700,113,1471,1093,575,281
KARNATAKA,2014,63838752,32504456,31334296,0.647,10945,7684,3259,17,17.14475872,23.63983572,10.40074428,54,2803,2739,1611,477,39,1557,877,595,191
KERALA,2001,31839000,15470845,16368155,0.61,9572,6787,2785,18,30.06375828,43.8696141,17.01474601,43,1109,2107,2240,1288,48,794,798,666,479
KERALA,2002,31992195,15545284,16446911,0.623,9810,7165,2645,18,30.66372908,46.09114893,16.08204726,54,1264,2196,2177,1474,65,689,840,625,426
KERALA,2003,32146126,15620081,16526045,0.645,9438,6935,2503,18,29.35968085,44.39797719,15.14578957,50,1200,2032,2216,1437,49,774,647,544,489
KERALA,2004,32300799,15695237,16605561,0.661,9053,6598,2455,18,28.02717047,42.03823109,14.78420392,48,1107,2067,2110,1266,53,729,654,536,483
KERALA,2005,32456215,15770756,16685459,0.678,9244,6830,2414,18,28.48144801,43.30800629,14.4676871,46,1238,2119,2207,1220,50,690,632,576,466
KERALA,2006,32612379,15846637,16765742,0.695,9026,6583,2443,18,27.67660709,41.54193726,14.57138014,54,1066,1991,2199,1273,60,682,640,602,459
KERALA,2007,32769295,15922884,16846411,0.701,8962,6588,2374,18,27.34877268,41.37441433,14.09202233,48,1097,2069,2273,1101,43,610,681,647,393
KERALA,2008,32926966,15999498,16927468,0.705,8569,6130,2439,18,26.0242623,38.31370209,14.40853411,26,1016,2048,2001,1039,42,666,692,637,402
KERALA,2009,33085395,16076480,17008916,0.707,8755,6322,2433,18,26.46182704,39.32452875,14.30426254,38,1191,1979,2042,1072,30,705,616,633,449
KERALA,2010,33244587,16153832,17090755,0.714,8586,6346,2240,18,25.82676091,39.28479633,13.10650115,64,1040,1973,2171,1098,46,608,626,544,416
KERALA,2011,33404544,16231557,17172987,0.719,8431,6212,2219,18,25.23908125,38.27112827,12.92145624,29,927,1900,2209,1147,36,588,660,545,390
KERALA,2012,33565272,16309656,17255616,0.726,8490,6409,2081,18,25.2940003,39.2957399,12.05984185,31,921,1976,2235,1246,30,574,530,556,391
KERALA,2013,33726772,16388130,17338642,0.735,8646,6701,1945,18,25.63542102,40.88935101,11.2177182,38,1124,2073,2192,1274,43,524,491,463,424
KERALA,2014,33889050,16466983,17422067,0.747,8446,6412,2034,18,24.92250447,38.93852323,11.67484891,30,1126,1931,1992,1333,23,649,493,434,435
LAKSHADWEEP,2001,61000,31330,29670,0.706,0,0,0,19,0,0,0,0,0,0,0,0,0,0,0,0,0
LAKSHADWEEP,2002,61373,31522,29851,0.708,0,0,0,19,0,0,0,0,0,0,0,0,0,0,0,0,0
LAKSHADWEEP,2003,61749,31715,30034,0.719,2,1,1,19,3.238918849,3.153082138,3.329559832,0,0,0,0,1,0,1,0,0,0
LAKSHADWEEP,2004,62127,31909,30218,0.725,0,0,0,19,0,0,0,0,0,0,0,0,0,0,0,0,0
LAKSHADWEEP,2005,62507,32104,30403,0.731,0,0,0,19,0,0,0,0,0,0,0,0,0,0,0,0,0
LAKSHADWEEP,2006,62889,32301,30589,0.737,2,1,1,19,3.180206395,3.095879385,3.269149041,0,0,1,0,0,0,1,0,0,0
LAKSHADWEEP,2007,63274,32498,30776,0.732,3,1,2,19,4.74128394,3.077112438,6.498570315,0,0,1,0,0,0,0,0,2,0
LAKSHADWEEP,2008,63661,32697,30964,0.727,0,0,0,19,0,0,0,0,0,0,0,0,0,0,0,0,0
LAKSHADWEEP,2009,64051,32897,31154,0.719,1,0,1,19,1.561255874,0,3.209860692,0,0,0,0,0,0,0,1,0,0
LAKSHADWEEP,2010,64443,33098,31344,0.717,1,0,1,19,1.551758919,0,3.190403267,0,0,0,0,0,0,0,1,0,0
LAKSHADWEEP,2011,64837,33301,31536,0.714,0,0,0,19,0,0,0,0,0,0,0,0,0,0,0,0,0
LAKSHADWEEP,2012,65234,33505,31729,0.712,1,1,0,19,1.532942944,2.98462916,0,0,0,1,0,0,0,0,0,0,0
LAKSHADWEEP,2013,65633,33710,31923,0.716,3,1,2,19,4.57087136,2.96647879,6.265075338,0,0,0,0,1,0,1,1,0,0
LAKSHADWEEP,2014,66034,33916,32118,0.725,3,2,1,19,4.543114153,5.896921807,3.113518899,0,1,1,0,0,0,0,1,0,0
MADHYA PRADESH,2001,60385000,31450521,28934479,0.465,6860,3536,3324,20,11.36043719,11.24305699,11.48802437,130,1417,1129,570,290,115,1918,812,318,161
MADHYA PRADESH,2002,61524824,32044179,29480645,0.47,6899,3579,3320,20,11.21335999,11.16895521,11.26162606,92,1455,1118,633,281,90,1865,861,342,162
MADHYA PRADESH,2003,62686163,32649043,30037120,0.483,6762,3538,3224,20,10.78706955,10.83645851,10.73338589,94,1379,1214,566,285,89,1879,860,271,125
MADHYA PRADESH,2004,63869423,33265324,30604098,0.492,6795,3634,3161,20,10.63889367,10.92428861,10.32868213,109,1408,1202,595,320,110,1753,819,321,158
MADHYA PRADESH,2005,65075018,33893239,31181780,0.501,5448,2851,2597,20,8.371876286,8.411707125,8.328581627,83,1124,949,472,223,78,1527,684,212,96
MADHYA PRADESH,2006,66303370,34533005,31770365,0.51,6435,3503,2932,20,9.705389032,10.14391884,9.228726204,96,1167,1227,714,299,83,1559,890,285,115
MADHYA PRADESH,2007,67554909,35184848,32370060,0.519,6329,3470,2859,20,9.368675191,9.862199774,8.832235714,93,1313,1126,676,262,112,1673,726,229,119
MADHYA PRADESH,2008,68830071,35848995,32981076,0.524,7629,4365,3264,20,11.08381829,12.17607356,9.896584332,75,1592,1501,815,382,80,1833,945,305,101
MADHYA PRADESH,2009,70129303,36525679,33603625,0.529,9113,5100,4013,20,12.99456805,13.96277945,11.94216398,266,1758,1584,1088,404,242,2096,1142,376,157
MADHYA PRADESH,2010,71453060,37215135,34237925,0.538,9003,5087,3916,20,12.59988026,13.66916981,11.43760903,215,1790,1668,990,424,161,2075,1105,392,183
MADHYA PRADESH,2011,72801804,37917606,34884198,0.546,9259,5240,4019,20,12.71809144,13.81943786,11.52097577,156,1977,1759,916,432,163,2056,1187,429,184
MADHYA PRADESH,2012,74176006,38633337,35542670,0.553,9775,5774,4001,20,13.17811585,14.94564138,11.25689207,144,1996,1988,1148,498,134,2060,1114,486,207
MADHYA PRADESH,2013,75576148,39362577,36213571,0.562,9446,5670,3776,20,12.49865235,14.4045447,10.42703024,191,2063,1834,1082,500,158,2048,1011,381,178
MADHYA PRADESH,2014,77002719,40105583,36897136,0.574,9039,5341,3698,20,11.73854653,13.31734786,10.02245811,86,2439,1665,854,297,59,2273,903,327,136
MAHARASHTRA,2001,96752000,50339230,46412770,0.563,14618,9338,5280,21,15.1087316,18.55014469,11.37617944,128,2805,3670,1938,797,133,2633,1607,617,290
MAHARASHTRA,2002,98204398,51094900,47109498,0.569,14529,9447,5082,21,14.79465309,18.48912514,10.78763353,102,2844,3670,1866,965,110,2645,1483,538,306
MAHARASHTRA,2003,99678599,51861914,47816685,0.584,14760,9810,4950,21,14.80759175,18.91561503,10.35203507,99,3066,3747,2106,792,92,2486,1552,561,259
MAHARASHTRA,2004,101174930,52640442,48534488,0.593,14729,9903,4826,21,14.55795423,18.81253201,9.943444752,87,3080,3738,2138,860,93,2573,1353,536,271
MAHARASHTRA,2005,102693724,53430658,49263066,0.602,14426,9603,4823,21,14.04759652,17.97282751,9.79029604,75,2877,3631,2101,919,79,2613,1296,549,286
MAHARASHTRA,2006,104235317,54232735,50002582,0.613,15494,10510,4984,21,14.86444369,19.37943937,9.967485279,68,3088,4042,2326,986,85,2683,1366,525,325
MAHARASHTRA,2007,105800051,55046853,50753198,0.622,15184,10420,4764,21,14.35159989,18.92932917,9.386600624,42,3022,3908,2425,1023,74,2618,1261,515,296
MAHARASHTRA,2008,107388275,55873192,51515083,0.629,14374,9889,4485,21,13.38507393,17.69900671,8.70618805,47,3036,3725,2247,834,74,2412,1251,458,290
MAHARASHTRA,2009,109000340,56711936,52288405,0.634,14300,9785,4515,21,13.11922513,17.25386345,8.63480154,48,2901,3686,2190,960,55,2387,1294,503,276
MAHARASHTRA,2010,110636605,57563270,53073335,0.644,15916,10858,5058,21,14.3858355,18.8627227,9.530209473,49,3485,3972,2363,989,95,2804,1334,524,301
MAHARASHTRA,2011,112297433,58427385,53870049,0.652,15947,10887,5060,21,14.20068079,18.6333857,9.392974564,46,3477,3960,2349,1055,80,2728,1422,534,296
MAHARASHTRA,2012,113983193,59304471,54678722,0.661,16112,11304,4808,21,14.13541732,19.06095748,8.79318284,73,3496,3998,2679,1058,83,2531,1313,574,307
MAHARASHTRA,2013,115694258,60194723,55499535,0.666,16622,11892,4730,21,14.36717802,19.75588458,8.522593928,91,3561,4367,2710,1163,106,2385,1363,544,332
MAHARASHTRA,2014,117431009,61098340,56332669,0.674,16307,11828,4476,21,13.88645141,19.35895476,7.945655832,45,3976,4284,2490,1033,70,2423,1198,482,303
MANIPUR,2001,2389000,1207786,1181214,0.563,41,24,17,22,1.716199247,1.987106987,1.4391973,1,12,5,5,1,0,11,5,1,0
MANIPUR,2002,2430446,1228739,1201707,0.568,39,30,9,22,1.604643757,2.441527452,0.74893464,0,9,8,9,4,0,7,1,1,0
MANIPUR,2003,2472611,1250056,1222555,0.581,26,21,5,22,1.051520033,1.679924739,0.408979555,0,9,6,3,3,0,4,0,0,1
MANIPUR,2004,2515508,1271743,1243765,0.589,41,32,9,22,1.62988947,2.51623166,0.723609364,0,17,12,3,0,1,5,3,0,0
MANIPUR,2005,2559149,1293806,1265343,0.598,27,23,4,22,1.055038218,1.77770083,0.316119819,0,5,17,1,0,0,2,2,0,0
MANIPUR,2006,2603547,1316252,1287295,0.607,36,24,12,22,1.382729023,1.823359053,0.932187261,0,7,11,5,1,0,11,1,0,0
MANIPUR,2007,2648716,1339088,1309628,0.627,39,28,11,22,1.472411538,2.09097535,0.839933172,1,7,17,3,0,0,4,6,1,0
MANIPUR,2008,2694668,1362319,1332348,0.644,34,23,11,22,1.261750984,1.688297675,0.825610126,0,11,12,0,0,1,7,2,1,0
MANIPUR,2009,2741417,1385954,1355463,0.661,27,18,9,22,0.98489212,1.298744403,0.663979762,0,6,11,1,0,0,6,3,0,0
MANIPUR,2010,2788977,1409998,1378979,0.681,37,24,13,22,1.326651313,1.702130074,0.942726466,0,7,13,4,0,0,8,4,1,0
MANIPUR,2011,2837362,1434460,1402902,0.699,33,18,15,22,1.163052159,1.254827601,1.069212247,0,6,9,3,0,0,12,2,1,0
MANIPUR,2012,2886587,1459346,1427241,0.719,41,23,18,22,1.420362525,1.576048449,1.261174532,0,14,9,0,0,1,11,4,1,1
MANIPUR,2013,2936666,1484664,1452002,0.71,37,22,15,22,1.259932182,1.481816761,1.033056428,1,7,10,3,1,2,10,2,1,0
MANIPUR,2014,2987613,1510421,1477192,0.703,50,31,19,22,1.673576866,2.052407905,1.286224133,2,12,9,7,1,1,13,5,0,0
MEGHALAYA,2001,2306000,1167595,1138405,0.485,87,69,18,23,3.772766696,5.909583374,1.581159605,1,22,36,5,5,0,11,2,3,2
MEGHALAYA,2002,2364140,1197033,1167107,0.494,67,49,18,23,2.834011522,4.093454399,1.542275044,3,9,21,13,3,2,8,6,2,0
MEGHALAYA,2003,2423746,1227213,1196533,0.51,41,32,9,23,1.691596397,2.607534307,0.752173154,3,7,14,7,1,1,5,2,0,1
MEGHALAYA,2004,2484855,1258155,1226701,0.521,55,39,16,23,2.213408831,3.099777054,1.30431132,0,11,18,8,2,0,14,2,0,0
MEGHALAYA,2005,2547505,1289876,1257629,0.533,71,50,21,23,2.787040654,3.876341602,1.669808823,3,16,14,10,7,0,13,5,2,1
MEGHALAYA,2006,2611734,1322397,1289337,0.544,92,69,23,23,3.522563936,5.217797681,1.783862559,1,40,19,5,4,1,17,5,0,0
MEGHALAYA,2007,2677583,1355738,1321845,0.565,87,60,27,23,3.249198998,4.425633861,2.042599548,1,28,21,7,3,0,15,12,0,0
MEGHALAYA,2008,2745092,1389920,1355172,0.583,85,57,28,23,3.096435384,4.100955451,2.066158392,0,19,27,10,1,1,11,12,2,2
MEGHALAYA,2009,2814302,1424963,1389339,0.6,112,67,45,23,3.979672402,4.70187647,3.238950321,1,24,11,27,4,1,18,6,17,3
MEGHALAYA,2010,2885258,1460890,1424368,0.62,108,80,28,23,3.743166122,5.476113876,1.965784123,2,37,23,13,5,1,15,9,2,1
MEGHALAYA,2011,2958003,1497723,1460280,0.638,153,111,42,23,5.172408547,7.411250278,2.876160736,4,67,25,13,2,1,21,13,5,2
MEGHALAYA,2012,3032582,1535485,1497097,0.657,128,90,38,23,4.220825686,5.861340228,2.538245685,3,40,30,16,1,2,27,7,2,0
MEGHALAYA,2013,3109041,1574198,1534843,0.653,137,96,41,23,4.406503485,6.09834341,2.671282991,3,51,28,11,3,6,24,9,2,0
MEGHALAYA,2014,3187428,1613888,1573541,0.652,99,75,24,23,3.105952511,4.647162628,1.525222412,2,31,25,13,4,3,15,5,0,1
MIZORAM,2001,891000,459752,431248,0.578,54,46,8,24,6.060606061,10.00539421,1.855081067,7,22,10,5,2,0,3,2,2,1
MIZORAM,2002,909636,469368,440268,0.588,66,56,10,24,7.255649513,11.93093692,2.271343818,0,27,19,8,2,0,5,2,3,0
MIZORAM,2003,928662,479186,449476,0.604,52,41,11,24,5.599453838,8.556176516,2.447294183,1,18,16,6,0,0,3,7,1,0
MIZORAM,2004,948085,489208,458877,0.617,60,53,7,24,6.328546491,10.83383755,1.525463251,0,29,17,7,0,0,6,1,0,0
MIZORAM,2005,967915,499440,468475,0.63,55,47,8,24,5.682317146,9.410539805,1.707668499,2,19,20,4,2,0,3,4,1,0
MIZORAM,2006,988160,509886,478273,0.644,70,60,10,24,7.083873057,11.76733623,2.090856059,0,31,22,3,4,0,5,2,3,0
MIZORAM,2007,1008828,520551,488277,0.655,28,22,6,24,2.775497904,4.226290988,1.228810696,1,9,8,2,2,0,1,3,2,0
MIZORAM,2008,1029928,531439,498490,0.665,41,35,6,24,3.980860798,6.585892266,1.203634978,0,12,16,7,0,0,2,3,1,0
MIZORAM,2009,1051470,542554,508916,0.674,69,62,7,24,6.562241433,11.42743395,1.375472573,1,31,25,4,1,0,3,2,2,0
MIZORAM,2010,1073462,553902,519560,0.686,76,67,9,24,7.079896634,12.09600254,1.732234968,4,30,25,6,2,0,8,1,0,0
MIZORAM,2011,1095914,565487,530427,0.696,90,77,13,24,8.21232323,13.61658181,2.450855631,2,37,29,7,2,0,5,6,2,0
MIZORAM,2012,1118836,577315,541521,0.709,173,157,16,24,15.46249853,27.19485896,2.954640725,7,70,57,15,8,3,7,1,4,1
MIZORAM,2013,1142238,589390,552848,0.704,95,79,16,24,8.317005738,13.40368856,2.894104709,3,44,20,11,1,2,7,4,3,0
MIZORAM,2014,1166128,601717,564411,0.702,116,100,16,24,9.947450023,16.61910832,2.834813638,4,41,38,12,5,0,11,1,3,1
NAGALAND,2001,1989000,1041907,947093,0.526,40,25,15,25,2.011060835,2.3994464,1.583793777,0,8,15,2,0,0,7,5,3,0
NAGALAND,2002,1988006,1041386,946620,0.531,27,19,8,25,1.358144794,1.824491591,0.845112083,1,2,15,1,0,2,3,3,0,0
NAGALAND,2003,1987012,1040865,946147,0.543,22,17,5,25,1.107190092,1.633256955,0.528459108,0,6,11,0,0,0,5,0,0,0
NAGALAND,2004,1986019,1040345,945674,0.55,31,25,6,25,1.560911552,2.403048989,0.634468115,0,10,13,2,0,0,4,2,0,0
NAGALAND,2005,1985026,1039825,945201,0.557,27,21,6,25,1.360183695,2.019570601,0.634785617,0,4,13,4,0,0,3,3,0,0
NAGALAND,2006,1984034,1039305,944728,0.565,28,19,9,25,1.411266138,1.82814477,0.952655156,1,9,6,3,0,0,4,4,1,0
NAGALAND,2007,1983042,1038786,944256,0.59,24,17,7,25,1.21026181,1.636525714,0.741324387,0,4,8,5,0,0,3,4,0,0
NAGALAND,2008,1982051,1038266,943784,0.614,42,32,10,25,2.119017119,3.082061822,1.059564477,0,2,20,10,0,0,8,2,0,0
NAGALAND,2009,1981060,1037747,943312,0.636,31,25,6,25,1.564818834,2.409065023,0.636056787,2,12,7,4,0,0,4,2,0,0
NAGALAND,2010,1980070,1037229,942841,0.661,12,11,1,25,0.60603918,1.060517976,0.106062422,0,4,6,1,0,0,1,0,0,0
NAGALAND,2011,1979080,1036710,942370,0.683,33,25,8,25,1.667441437,2.411474762,0.848923459,0,6,11,8,0,0,6,2,0,0
NAGALAND,2012,1978091,1036192,941899,0.709,30,24,6,25,1.516613745,2.316173064,0.637010975,0,11,8,5,0,1,4,1,0,0
NAGALAND,2013,1977102,1035674,941428,0.698,37,25,12,25,1.871425956,2.413886995,1.274659347,1,7,15,1,1,0,7,2,1,2
NAGALAND,2014,1976113,1035156,940957,0.689,13,9,4,25,0.657857116,0.869434172,0.425099128,0,4,3,1,1,0,3,1,0,0
ODISHA,2001,36707000,18614097,18092903,0.462,4052,2089,1963,26,11.03876645,11.22267709,10.84955797,36,708,709,492,144,62,881,679,260,81
ODISHA,2002,37194744,18861432,18333312,0.467,4388,2631,1757,26,11.79736578,13.94909994,9.583647516,55,852,945,614,165,69,783,566,266,73
ODISHA,2003,37688970,19112054,18576916,0.479,4420,2740,1680,26,11.7275691,14.33650198,9.043481706,67,926,909,661,177,46,802,483,281,68
ODISHA,2004,38189762,19366005,18823757,0.487,4215,2544,1671,26,11.03698944,13.13642127,8.877080171,84,747,904,616,193,79,785,496,227,84
ODISHA,2005,38697209,19623331,19073878,0.494,4208,2554,1654,26,10.87416925,13.0151196,8.671545451,58,726,919,618,233,60,686,572,263,73
ODISHA,2006,39211398,19884076,19327322,0.503,4065,2373,1692,26,10.36688363,11.93417285,8.754446167,43,741,870,493,226,59,747,565,247,74
ODISHA,2007,39732420,20148286,19584134,0.512,4308,2488,1820,26,10.84253111,12.34844492,9.293237066,77,776,848,541,246,70,878,556,243,73
ODISHA,2008,40260364,20416006,19844358,0.519,4904,3155,1749,26,12.18071451,15.45356129,8.813588225,114,1044,1021,713,263,55,720,596,259,119
ODISHA,2009,40795324,20687284,20108040,0.525,4365,2567,1798,26,10.69975569,12.40858877,8.941696953,69,846,914,528,210,67,783,597,265,86
ODISHA,2010,41337392,20962166,20375226,0.535,4255,2430,1825,26,10.2933441,11.5923135,8.956955864,99,797,842,533,159,77,853,554,274,67
ODISHA,2011,41886663,21240701,20645962,0.545,5241,3060,2181,26,12.51233597,14.4063042,10.56380904,144,1016,1026,647,227,121,872,705,356,127
ODISHA,2012,42443232,21522937,20920295,0.554,5027,2896,2131,26,11.84405561,13.45541271,10.18628083,144,867,964,679,242,143,829,721,329,109
ODISHA,2013,43007197,21808923,21198274,0.563,5252,3272,1980,26,12.21190956,15.00303339,9.34038309,153,938,1040,770,371,139,732,632,348,129
ODISHA,2014,43578655,22098710,21479946,0.575,4160,2328,1832,26,9.545957763,10.53455156,8.528885501,25,985,680,474,164,36,951,515,278,52
PUDUCHERRY,2001,974000,486757,487243,0.731,529,323,206,27,54.31211499,66.35754596,42.27869872,2,82,115,84,40,6,120,51,22,7
PUDUCHERRY,2002,998457,498979,499478,0.734,567,410,157,27,56.7876233,82.16778662,31.43281586,5,98,159,109,39,3,74,41,23,16
PUDUCHERRY,2003,1023529,511509,512020,0.745,582,388,194,27,56.86209184,75.85399279,37.88914496,4,114,146,88,36,0,126,32,18,18
PUDUCHERRY,2004,1049229,524353,524877,0.751,539,338,201,27,51.37105436,64.46039214,38.29468618,1,82,121,102,32,4,97,65,20,15
PUDUCHERRY,2005,1075576,537519,538057,0.757,538,340,198,27,50.01971037,63.25357801,36.79907519,1,75,129,105,30,2,101,56,19,20
PUDUCHERRY,2006,1102583,551016,551567,0.764,526,349,177,27,47.70615908,63.33754374,32.09038974,5,84,137,93,30,8,103,38,15,13
PUDUCHERRY,2007,1130269,564852,565417,0.759,517,319,198,27,45.74132353,56.47497043,35.01840235,2,73,133,88,23,6,120,52,8,12
PUDUCHERRY,2008,1158651,579036,579615,0.753,507,334,173,27,43.75778384,57.68207849,29.8473987,2,90,122,94,26,0,105,46,9,13
PUDUCHERRY,2009,1187744,593575,594169,0.745,518,326,192,27,43.61209149,54.92145053,32.3140386,2,91,92,103,38,4,103,45,27,13
PUDUCHERRY,2010,1217569,608480,609089,0.743,508,333,175,27,41.72248144,54.72653169,28.73143334,2,70,141,95,25,3,99,42,12,19
PUDUCHERRY,2011,1248142,623759,624383,0.739,557,396,161,27,44.62633258,63.48605792,25.7854554,2,93,144,122,35,7,86,34,17,17
PUDUCHERRY,2012,1279483,639422,640061,0.737,541,372,169,27,42.28270325,58.17754159,26.40373339,1,92,127,103,49,4,73,54,20,18
PUDUCHERRY,2013,1311611,655478,656133,0.733,546,408,138,27,41.62819616,62.24465199,21.03232119,3,84,132,150,39,2,66,40,12,18
PUDUCHERRY,2014,1344545,671937,672609,0.733,644,492,152,27,47.89724405,73.2211502,22.59856767,4,99,177,143,69,1,73,40,18,20
PUNJAB,2001,24289000,12961046,11327954,0.581,648,396,252,28,2.667874346,3.055308962,2.224585305,1,129,64,135,67,0,149,66,19,18
PUNJAB,2002,24606818,13130639,11476179,0.587,507,397,110,28,2.060404559,3.02346291,0.958507183,17,150,129,72,29,2,64,35,6,3
PUNJAB,2003,24928795,13302452,11626343,0.599,631,506,125,28,2.531209391,3.803810004,1.075144609,3,214,156,92,41,5,56,50,10,4
PUNJAB,2004,25254985,13476513,11778472,0.607,645,516,129,28,2.55395123,3.828883629,1.095218463,4,186,183,104,39,14,58,39,13,5
PUNJAB,2005,25585443,13652851,11932592,0.615,588,482,106,28,2.298181822,3.530398156,0.888323342,0,164,167,112,39,2,42,40,20,2
PUNJAB,2006,25920226,13831497,12088728,0.623,772,610,162,28,2.978369093,4.410223998,1.340091364,11,216,211,124,48,16,79,49,16,2
PUNJAB,2007,26259388,14012480,12246908,0.633,847,632,215,28,3.2255131,4.510265135,1.755545155,5,236,216,117,58,13,112,69,17,4
PUNJAB,2008,26602989,14195832,12407157,0.64,869,643,226,28,3.266550236,4.529498518,1.8215293,8,204,249,130,52,10,106,83,18,9
PUNJAB,2009,26951085,14381582,12569503,0.646,847,635,212,28,3.142730617,4.415369603,1.686621977,11,230,220,122,52,5,107,61,24,15
PUNJAB,2010,27303737,14569764,12733973,0.657,920,719,201,28,3.369502131,4.934877463,1.578454737,10,259,259,127,64,3,104,61,21,12
PUNJAB,2011,27661003,14760407,12900596,0.665,966,755,211,28,3.492281173,5.115035107,1.635583348,0,274,291,125,65,0,116,75,15,5
PUNJAB,2012,28022943,14953545,13069398,0.675,1030,784,246,28,3.675559701,5.24290394,1.882259611,7,299,299,125,54,2,121,100,21,2
PUNJAB,2013,28389620,15149210,13240410,0.683,972,713,259,28,3.423786581,4.706516049,1.956132778,6,292,224,131,60,6,151,63,27,12
PUNJAB,2014,28761094,15347435,13413659,0.694,943,710,233,28,3.278734808,4.626180205,1.737035361,5,316,231,132,26,2,121,76,27,7
RAJASTHAN,2001,56473000,29382414,27090586,0.474,3195,1959,1236,29,5.657570875,6.667253412,4.56247052,86,677,713,363,120,61,624,387,122,42
RAJASTHAN,2002,57590789,29963990,27626799,0.479,3248,2092,1156,29,5.639790766,6.981713717,4.184342891,65,717,763,442,105,30,580,373,147,26
RAJASTHAN,2003,58730703,30557078,28173626,0.492,3661,2389,1272,29,6.233536827,7.818155911,4.514860813,66,824,879,450,170,36,601,410,168,57
RAJASTHAN,2004,59893180,31161904,28731276,0.501,3725,2486,1239,29,6.219405949,7.977689682,4.312373735,66,851,931,499,139,43,542,427,175,52
RAJASTHAN,2005,61078666,31778703,29299964,0.51,4178,2858,1320,29,6.840358956,8.993444446,4.505124989,88,932,1125,576,137,50,574,463,212,21
RAJASTHAN,2006,62287617,32407709,29879908,0.519,4263,2910,1353,29,6.844056982,8.979345007,4.528126392,59,916,1172,629,134,46,609,469,186,43
RAJASTHAN,2007,63520497,33049166,30471331,0.527,4437,3154,1283,29,6.985146857,9.543357312,4.210515123,78,1063,1181,705,127,36,544,466,202,35
RAJASTHAN,2008,64777780,33703320,31074461,0.534,5166,3602,1564,29,7.974956845,10.68737442,5.033072014,118,1162,1415,748,159,68,658,549,230,59
RAJASTHAN,2009,66059949,34370421,31689528,0.539,5065,3511,1554,29,7.667278096,10.21517892,4.903828167,99,1160,1342,725,185,62,710,548,193,41
RAJASTHAN,2010,67367496,35050726,32316770,0.548,4920,3365,1555,29,7.303225282,9.600371758,4.811743253,90,1093,1288,738,156,67,701,530,221,36
RAJASTHAN,2011,68700924,35744497,32956427,0.556,4348,3016,1332,29,6.328881399,8.437662446,4.041700273,63,1149,1056,639,109,27,637,463,160,45
RAJASTHAN,2012,70060745,36452000,33608744,0.565,4821,3227,1594,29,6.881171475,8.852737847,4.742813358,68,1086,1160,759,154,40,741,562,191,60
RAJASTHAN,2013,71447481,37173507,34273974,0.576,4860,3377,1483,29,6.802199227,9.084426713,4.326898305,47,1114,1291,774,151,27,612,514,268,62
RAJASTHAN,2014,72861665,37909295,34952370,0.592,4459,3235,1224,29,6.11981623,8.5335272,3.501908454,42,1405,1115,532,141,35,660,389,111,29
SIKKIM,2001,540000,288000,252000,0.553,94,62,32,30,17.40740741,21.52777778,12.6984127,0,27,27,5,3,2,14,16,0,0
SIKKIM,2002,546355,291389,254966,0.559,78,54,24,30,14.27643199,18.53192811,9.413019775,3,15,19,11,6,1,11,5,5,2
SIKKIM,2003,552785,294819,257966,0.573,105,68,37,30,18.9947267,23.0649992,14.34297543,1,25,16,14,12,0,9,8,11,9
SIKKIM,2004,559291,298288,261002,0.582,98,56,42,30,17.52218434,18.7738025,16.09183071,0,0,17,13,26,0,0,9,15,18
SIKKIM,2005,565873,301799,264074,0.59,109,62,47,30,19.26227263,20.5434743,17.79804146,2,26,17,13,4,2,14,19,7,5
SIKKIM,2006,572532,305351,267182,0.599,145,98,47,30,25.32609531,32.09421289,17.59100538,4,49,31,14,0,3,26,13,1,4
SIKKIM,2007,579270,308944,270326,0.609,122,84,38,30,21.06099056,27.18939355,14.05710143,5,41,24,12,2,7,19,8,4,0
SIKKIM,2008,586088,312580,273508,0.617,287,216,71,30,48.96875555,69.10230981,25.95902131,2,70,69,65,10,0,26,26,13,6
SIKKIM,2009,592985,316259,276726,0.623,241,122,119,30,40.64183748,38.57597728,43.0028259,3,65,23,23,8,3,57,29,23,7
SIKKIM,2010,599964,319981,279983,0.633,280,235,45,30,46.66946683,73.44186061,16.0724044,21,98,71,30,15,0,13,19,10,3
SIKKIM,2011,607024,323746,283278,0.641,184,107,77,30,30.31181634,33.0506014,27.18177903,4,40,36,25,2,2,32,22,18,3
SIKKIM,2012,614168,327556,286612,0.65,181,96,85,30,29.4707637,29.30796566,29.65681828,5,35,26,20,10,6,35,30,9,5
SIKKIM,2013,621396,331411,289985,0.662,184,125,59,30,29.61074741,37.71751692,20.34587996,5,49,48,16,7,3,37,11,5,3
SIKKIM,2014,628709,335312,293398,0.678,244,161,83,30,38.80968779,48.01498306,28.28921806,6,62,51,33,9,6,36,25,12,4
TAMIL NADU,2001,62111000,31274421,30836579,0.549,11290,7128,4162,31,18.17713449,22.79178886,13.49695762,146,2115,2682,1673,512,145,1702,1444,658,213
TAMIL NADU,2002,63024473,31734377,31290096,0.558,11244,6983,4261,31,17.84068865,22.0045284,13.61772748,99,1993,2552,1796,543,145,1859,1318,707,232
TAMIL NADU,2003,63951380,32201098,31750282,0.575,11872,7154,4718,31,18.56410292,22.21663373,14.85971054,137,1965,2518,1841,693,166,1744,1577,926,305
TAMIL NADU,2004,64891919,32674682,32217237,0.587,12839,7946,4893,31,19.78520623,24.31852282,15.18752213,190,2020,2753,2170,813,176,1814,1555,1021,327
TAMIL NADU,2005,65846291,33155232,32691059,0.599,12076,7507,4569,31,18.33968143,22.64197699,13.97629853,147,1966,2707,1967,720,172,1735,1365,923,374
TAMIL NADU,2006,66814699,33642850,33171850,0.612,12381,7509,4872,31,18.53035363,22.31974996,14.68715191,26,1996,2797,1935,755,80,1995,1621,870,306
TAMIL NADU,2007,67797350,34137638,33659711,0.621,13811,8687,5124,31,20.3710027,25.44698611,15.2229471,30,2311,3237,2237,872,83,2102,1702,918,319
TAMIL NADU,2008,68794452,34639704,34154748,0.629,14425,9043,5382,31,20.96826064,26.10588127,15.75769202,30,2563,3265,2314,871,83,2215,1781,964,339
TAMIL NADU,2009,69806219,35149154,34657066,0.635,14424,8950,5474,31,20.66291543,25.46291726,15.79475885,136,2361,3174,2249,1030,144,2077,1769,1019,465
TAMIL NADU,2010,70832866,35666096,35166771,0.646,16561,10552,6009,31,23.38038955,29.5855201,17.0871531,199,2966,3512,2579,1296,185,2504,1794,1029,497
TAMIL NADU,2011,71874612,36190641,35683972,0.656,15963,10282,5681,31,22.2095112,28.41066009,15.92031291,159,2736,3977,2405,1005,196,2419,1826,826,414
TAMIL NADU,2012,72931680,36722900,36208779,0.666,16927,10748,6179,31,23.20939268,29.26784105,17.06492229,149,2763,3896,2651,1289,182,2547,1777,1114,559
TAMIL NADU,2013,74004293,37262987,36741306,0.672,16601,11182,5419,31,22.4324824,30.00832971,14.74906744,190,2816,3816,3046,1314,155,2286,1633,890,455
TAMIL NADU,2014,75092682,37811018,37281664,0.682,16122,10963,5155,31,21.46946889,28.99419423,13.82717252,101,3443,3736,2655,1028,171,2413,1409,766,396
TELANGANA,2001,0,0,0,0.628,0,0,0,32,NA,NA,NA,0,0,0,0,0,0,0,0,0,0
TELANGANA,2002,0,0,0,0.63,0,0,0,32,NA,NA,NA,0,0,0,0,0,0,0,0,0,0
TELANGANA,2003,0,0,0,0.641,0,0,0,32,NA,NA,NA,0,0,0,0,0,0,0,0,0,0
TELANGANA,2004,0,0,0,0.647,0,0,0,32,NA,NA,NA,0,0,0,0,0,0,0,0,0,0
TELANGANA,2005,0,0,0,0.652,0,0,0,32,NA,NA,NA,0,0,0,0,0,0,0,0,0,0
TELANGANA,2006,0,0,0,0.658,0,0,0,32,NA,NA,NA,0,0,0,0,0,0,0,0,0,0
TELANGANA,2007,0,0,0,0.654,0,0,0,32,NA,NA,NA,0,0,0,0,0,0,0,0,0,0
TELANGANA,2008,0,0,0,0.648,0,0,0,32,NA,NA,NA,0,0,0,0,0,0,0,0,0,0
TELANGANA,2009,0,0,0,0.64,0,0,0,32,NA,NA,NA,0,0,0,0,0,0,0,0,0,0
TELANGANA,2010,0,0,0,0.638,0,0,0,32,NA,NA,NA,0,0,0,0,0,0,0,0,0,0
TELANGANA,2011,0,0,0,0.635,0,0,0,32,NA,NA,NA,0,0,0,0,0,0,0,0,0,0
TELANGANA,2012,0,0,0,0.633,0,0,0,32,NA,NA,NA,0,0,0,0,0,0,0,0,0,0
TELANGANA,2013,0,0,0,0.637,0,0,0,32,NA,NA,NA,0,0,0,0,0,0,0,0,0,0
TELANGANA,2014,35003674,18108471,16895203,0.646,9623,6669,2954,32,27.4913999,36.82806792,17.48425278,25,2157,2372,1495,620,38,1256,851,460,349
TOTAL (ALL INDIA),2001,1075000000,559040000,515959000,0.502,108506,66314,42192,37,10.0935814,11.86212078,8.17739394,1498,19981,23503,15408,5924,1509,18929,12945,6171,2638
TOTAL (ALL INDIA),2002,1093317000,568642000,524676000,0.508,110417,69332,41085,37,10.09926673,12.192557,7.830546852,1306,20917,24811,15955,6343,1574,18371,12701,5902,2537
TOTAL (ALL INDIA),2003,1111523000,578175000,533346000,0.521,110851,70221,40630,37,9.972893049,12.14528473,7.617944074,1278,21697,24679,16111,6456,1298,18131,12338,6221,2642
TOTAL (ALL INDIA),2004,1129623000,587650000,541974000,0.53,113697,72651,41046,37,10.0650394,12.36297116,7.573426032,1467,21617,25850,17065,6652,1446,18519,12446,6074,2561
TOTAL (ALL INDIA),2005,1147610000,597053000,550558000,0.539,113914,72916,40998,37,9.926194439,12.21265114,7.446626877,1328,21823,25932,17236,6597,1227,18411,12251,6389,2720
TOTAL (ALL INDIA),2006,1165486000,606386000,559099000,0.548,118112,75702,42410,37,10.13414147,12.48412727,7.585418683,1194,22757,27809,17345,6597,1270,19459,12890,6261,2530
TOTAL (ALL INDIA),2007,1183209000,615631000,567578000,0.558,122637,79295,43342,37,10.36477917,12.88028056,7.636307256,1184,23446,28551,19113,7001,1295,19714,13281,6458,2594
TOTAL (ALL INDIA),2008,1200670000,624722000,575949000,0.565,125017,80544,44473,37,10.41226982,12.89277471,7.721690636,1165,24396,29519,18819,6645,1216,20256,14043,6373,2585
TOTAL (ALL INDIA),2009,1217726000,633585000,584142000,0.571,127151,81471,45680,37,10.44167571,12.85873245,7.820016366,1501,23746,29335,19596,7293,1450,20174,14153,7007,2896
TOTAL (ALL INDIA),2010,1234281000,642165000,592116000,0.582,134599,87180,47419,37,10.90505323,13.57595011,8.008397003,1640,26387,30444,20768,7941,1490,21238,14402,7121,3168
TOTAL (ALL INDIA),2011,1250288000,650438000,599853000,0.59,135585,87839,47746,37,10.84430147,13.50459229,7.959616773,1574,26604,31400,20507,7754,1461,21410,14815,7029,3031
TOTAL (ALL INDIA),2012,1265780000,658420000,607361000,0.6,120488,79773,40715,37,9.518873738,12.11582273,6.703591439,1120,23398,28486,19197,7572,1194,18395,12129,6207,2790
TOTAL (ALL INDIA),2013,1280842000,666165000,614676000,0.607,134799,90543,44256,37,10.52424889,13.59167774,7.199890674,1546,26716,32099,21825,8357,1345,19652,13507,6660,3092
TOTAL (ALL INDIA),2014,1295601000,673748000,621852000,0.618,131666,89129,42521,37,10.16254233,13.22883333,6.837800634,899,32025,30659,18439,7107,821,22075,11723,5248,2654
TRIPURA,2001,3191000,1636410,1554590,0.533,854,463,391,33,26.76277029,28.29364279,25.15132607,1479,19525,23074,15179,5841,1472,18465,12713,6110,2617
TRIPURA,2002,3235665,1659315,1576349,0.537,779,493,286,33,24.0754219,29.71105547,18.14319037,1282,20455,24363,15719,6269,1552,17993,12509,5847,2510
TRIPURA,2003,3280954,1682541,1598414,0.548,844,488,356,33,25.72422533,29.00375087,22.2720772,1252,21187,24189,15899,6378,1274,17710,12169,6148,2616
TRIPURA,2004,3326878,1706091,1620787,0.554,770,433,337,33,23.14482226,25.37965443,20.79236815,1447,21128,25377,16817,6587,1424,18077,12244,6024,2528
TRIPURA,2005,3373445,1729972,1643473,0.561,715,401,314,33,21.19495056,23.17956591,19.10588126,1311,21304,25480,16969,6520,1208,17970,12031,6323,2686
TRIPURA,2006,3420663,1754186,1666477,0.568,765,428,337,33,22.36408556,24.39878097,20.2223013,1176,22162,27261,17081,6523,1239,18973,12681,6212,2507
TRIPURA,2007,3468542,1778740,1689803,0.579,705,419,286,33,20.32554312,23.55600031,16.92504984,1167,22862,27980,18866,6924,1268,19181,13073,6417,2569
TRIPURA,2008,3517091,1803637,1713455,0.589,752,442,310,33,21.38130631,24.50603974,18.09210046,1146,23867,29045,18577,6578,1198,19749,13856,6325,2561
TRIPURA,2009,3566320,1828882,1737438,0.596,738,467,271,33,20.69360013,25.53472559,15.59767888,1483,23133,28865,19341,7215,1418,19659,13950,6940,2866
TRIPURA,2010,3616238,1854481,1761757,0.608,725,441,284,33,20.0484592,23.78023824,16.12027084,1615,25813,29901,20513,7845,1461,20695,14182,7065,3136
TRIPURA,2011,3666855,1880438,1786417,0.619,703,447,256,33,19.17174254,23.77105759,14.33036072,1552,25807,30821,20212,7673,1431,20905,14615,6961,2998
TRIPURA,2012,3718180,1906759,1811421,0.63,844,560,284,33,22.6992776,29.36920712,15.67829897,1089,22607,27846,18918,7473,1156,17840,11889,6141,2751
TRIPURA,2013,3770224,1933448,1836776,0.633,961,636,325,33,25.4892017,32.89460073,17.69404652,1518,25949,31396,21418,8198,1316,19096,13283,6598,3058
TRIPURA,2014,3822996,1960511,1862485,0.639,762,492,270,33,19.93201144,25.09549806,14.49676105,875,31098,29987,18046,6957,795,21475,11516,5194,2602
UTTAR PRADESH,2001,166053000,87488409,78564591,0.468,3516,1801,1715,34,2.117396253,2.058558409,2.182917238,19,456,429,229,83,37,464,232,61,21
UTTAR PRADESH,2002,169153572,89122009,80031564,0.474,4250,2326,1924,34,2.512509757,2.609905259,2.404051481,24,462,448,236,74,22,378,192,55,27
UTTAR PRADESH,2003,172312039,90786111,81525928,0.487,3663,1987,1676,34,2.125794588,2.188660774,2.0557877,26,510,490,212,78,24,421,169,73,26
UTTAR PRADESH,2004,175529481,92481286,83048195,0.496,3637,1954,1683,34,2.072016609,2.112859893,2.026534111,20,489,473,248,65,22,442,202,50,33
UTTAR PRADESH,2005,178807000,94208114,84598886,0.504,3449,1772,1677,34,1.928895401,1.880942017,1.982295606,17,519,452,267,77,19,441,220,66,34
UTTAR PRADESH,2006,182145718,95967185,86178532,0.513,3099,1761,1338,34,1.701385042,1.835002246,1.552590847,18,595,548,264,74,31,486,209,49,23
UTTAR PRADESH,2007,185546776,97759102,87787674,0.52,3927,2054,1873,34,2.116447445,2.10108313,2.133556927,17,584,571,247,77,27,533,208,41,25
UTTAR PRADESH,2008,189011340,99584479,89426862,0.525,4088,2179,1909,34,2.162833193,2.188091982,2.134705342,19,529,474,242,67,18,507,187,48,24
UTTAR PRADESH,2009,192540595,101443938,91096657,0.528,4158,2239,1919,34,2.159544589,2.207130405,2.106553702,18,613,470,255,78,32,515,203,67,30
UTTAR PRADESH,2010,196135749,103338118,92797630,0.535,3628,1787,1841,34,1.849739284,1.729274768,1.983886873,25,574,543,255,96,29,543,220,56,32
UTTAR PRADESH,2011,199798032,105267667,94530365,0.542,4843,2713,2130,34,2.423947799,2.5772396,2.253244235,22,797,579,295,81,30,505,200,68,33
UTTAR PRADESH,2012,203528697,107233244,96295453,0.548,4422,2495,1927,34,2.17266659,2.326703834,2.001132909,31,791,640,279,99,38,555,240,66,39
UTTAR PRADESH,2013,207329023,109235523,98093500,0.556,5286,3163,2123,34,2.549570689,2.895578209,2.164261648,28,767,703,407,159,29,556,224,62,34
UTTAR PRADESH,2014,211200309,111275189,99925120,0.568,3590,2099,1485,34,1.699808119,1.886314478,1.486112801,24,927,672,393,150,26,600,207,54,52
UTTARAKHAND,2001,8480000,4317719,4162281,0.631,311,182,129,35,3.66745283,4.215188622,3.099262159,18,131,194,87,33,12,108,187,62,22
UTTARAKHAND,2002,8631432,4394823,4236609,0.633,361,205,156,35,4.182388276,4.664579211,3.682190167,13,173,179,102,26,14,127,92,38,15
UTTARAKHAND,2003,8785569,4473304,4312265,0.644,391,262,129,35,4.4504801,5.856968362,2.991467361,7,198,188,91,4,8,140,142,62,4
UTTARAKHAND,2004,8942458,4553186,4389271,0.65,237,148,89,35,2.650278033,3.250471209,2.027671566,5,204,134,77,13,22,183,105,20,7
UTTARAKHAND,2005,9102148,4634495,4467653,0.656,273,180,93,35,2.999292035,3.883918313,2.081629885,10,149,127,83,32,16,174,78,38,8
UTTARAKHAND,2006,9264690,4717256,4547435,0.663,326,173,153,35,3.518736191,3.667386294,3.364534073,11,145,167,78,27,11,168,118,34,6
UTTARAKHAND,2007,9430135,4801495,4628641,0.658,248,130,118,35,2.629866911,2.707490063,2.549344397,26,148,141,94,10,22,116,100,41,7
UTTARAKHAND,2008,9598535,4887238,4711297,0.651,191,104,87,35,1.989886998,2.127991311,1.84662525,9,152,167,89,25,14,143,96,51,6
UTTARAKHAND,2009,9769941,4974512,4795429,0.643,342,202,140,35,3.50053291,4.060699823,2.919446832,9,187,154,95,22,10,158,62,31,10
UTTARAKHAND,2010,9944409,5063345,4881064,0.641,281,164,117,35,2.825708396,3.238965546,2.397018355,16,127,142,91,65,18,108,80,49,29
UTTARAKHAND,2011,10121992,5153764,4968228,0.638,317,192,125,35,3.131794611,3.725432519,2.515987592,5,202,133,68,39,5,133,53,38,27
UTTARAKHAND,2012,10302746,5245797,5056949,0.635,424,249,175,35,4.115407679,4.746657181,3.460584633,16,170,211,112,51,15,116,85,37,31
UTTARAKHAND,2013,10486728,5339474,5147253,0.643,365,244,121,35,3.480589942,4.569738517,2.350768458,24,214,217,135,46,23,148,69,52,33
UTTARAKHAND,2014,10673995,5434825,5239171,0.655,207,151,56,35,1.939292645,2.778378329,1.068871392,14,195,139,100,44,7,147,66,32,18
WEST BENGAL,2001,80221000,41479317,38741683,0.508,13690,7495,6195,36,17.06535695,18.06924642,15.99052886,73,716,545,330,137,63,870,537,175,70
WEST BENGAL,2002,81278809,42026271,39252537,0.513,13007,7124,5883,36,16.00294118,16.95130172,14.98756628,55,853,766,462,190,208,859,521,240,96
WEST BENGAL,2003,82350566,42580437,39770128,0.524,13280,7424,5856,36,16.12617939,17.43523675,14.72461944,82,763,622,363,157,74,852,430,223,97
WEST BENGAL,2004,83436455,43141911,40294545,0.531,13424,7661,5763,36,16.08889064,17.7576742,14.30218408,85,737,647,355,130,67,922,446,184,64
WEST BENGAL,2005,84536663,43710788,40825876,0.539,15015,8614,6401,36,17.76152437,19.70680556,15.67878176,58,567,613,369,165,59,864,473,208,73
WEST BENGAL,2006,85651379,44287166,41364213,0.546,15725,9120,6605,36,18.35930744,20.59287334,15.96790926,65,629,673,276,118,54,737,362,120,65
WEST BENGAL,2007,86780794,44871145,41909649,0.554,14860,8505,6355,36,17.12360456,18.95427451,15.16357247,50,695,628,465,216,69,990,557,156,101
WEST BENGAL,2008,87925101,45462824,42462277,0.559,14852,8369,6483,36,16.89164963,18.40844731,15.26766923,60,768,758,419,174,69,1083,519,151,87
WEST BENGAL,2009,89084497,46062305,43022193,0.564,14648,8494,6154,36,16.44281608,18.44024089,14.30424525,51,836,765,418,169,62,1069,531,161,96
WEST BENGAL,2010,90259181,46669691,43589491,0.572,16037,9301,6736,36,17.7677216,19.92942272,15.45326602,46,672,580,347,142,58,1027,505,172,79
WEST BENGAL,2011,91449355,47285086,44164270,0.579,16492,9624,6868,36,18.0340255,20.35314052,15.55103254,45,967,997,518,186,59,1170,616,201,84
WEST BENGAL,2012,92655223,47908595,44746628,0.587,0,0,0,36,0,0,0,31,845,842,574,203,54,989,591,218,75
WEST BENGAL,2013,93876992,48540327,45336665,0.596,13055,7860,5195,36,13.90649585,16.19272157,11.45871669,112,1037,1126,689,199,62,1107,625,272,57
WEST BENGAL,2014,95114871,49180388,45934483,0.609,14310,8886,5424,36,15.044966,18.06817791,11.80812245,43,997,708,278,73,39,1016,328,76,26
,,,,,,,,,,,,,3,41,91,42,5,4,72,41,10,2
,,,,,,,,,,,,,8,89,60,32,16,8,80,50,15,3
,,,,,,,,,,,,,0,111,91,55,5,3,77,32,14,3
,,,,,,,,,,,,,8,59,53,21,7,2,55,22,10,0
,,,,,,,,,,,,,0,76,66,29,9,4,54,26,9,0
,,,,,,,,,,,,,0,51,70,39,13,5,77,55,13,3
,,,,,,,,,,,,,2,53,60,14,1,8,63,35,8,4
,,,,,,,,,,,,,8,37,35,20,4,3,61,15,8,0
,,,,,,,,,,,,,2,77,55,57,11,3,79,42,15,1
,,,,,,,,,,,,,4,62,57,29,12,7,69,30,9,2
,,,,,,,,,,,,,5,69,73,34,11,1,69,44,10,1
,,,,,,,,,,,,,7,73,106,47,16,9,100,47,12,7
,,,,,,,,,,,,,4,94,92,43,11,7,59,39,13,3
,,,,,,,,,,,,,1,104,29,11,6,1,37,15,3,0
,,,,,,,,,,,,,283,2027,2426,2046,713,283,2254,2015,1170,473
,,,,,,,,,,,,,283,2215,2354,1711,561,294,2158,1988,1084,359
,,,,,,,,,,,,,61,2396,2618,1770,579,98,2282,1895,1191,390
,,,,,,,,,,,,,284,2355,2550,1909,563,289,2370,1936,916,252
,,,,,,,,,,,,,214,2962,2901,2008,529,205,2780,1919,1178,319
,,,,,,,,,,,,,150,3037,3475,1893,565,184,2998,1913,1234,276
,,,,,,,,,,,,,217,2646,3206,1940,496,202,2730,2178,1013,232
,,,,,,,,,,,,,275,2806,3327,1593,368,241,3004,2160,902,176
,,,,,,,,,,,,,235,2407,3409,1980,463,218,2725,2131,884,196
,,,,,,,,,,,,,268,2676,3495,2304,558,212,2626,2377,1231,290
,,,,,,,,,,,,,284,2521,3792,2296,731,258,2713,2326,1161,410
,,,,,,,,,,,,,0,0,0,0,0,0,0,0,0,0
,,,,,,,,,,,,,184,2290,2947,1952,487,114,2014,1929,894,244
,,,,,,,,,,,,,203,3445,3140,1547,551,102,2900,1725,493,204